,Desc,Release Integration
app01,Provide App Description here,4
app02,Provide App Description here,9
app03,Provide App Description here,4
app04,Provide App Description here,7
app05,Provide App Description here,3
app06,Provide App Description here,2
app07,Provide App Description here,6
app08,Provide App Description here,11
app09,Provide App Description here,11
app10,Provide App Description here,10
app11,Provide App Description here,9
app12,Provide App Description here,6
app13,Provide App Description here,2
app14,Provide App Description here,2
