,Desc,QA
app01,Provide App Description here,4
app02,Provide App Description here,11
app03,Provide App Description here,6
app04,Provide App Description here,9
app05,Provide App Description here,5
app06,Provide App Description here,5
app07,Provide App Description here,11
app08,Provide App Description here,14
app09,Provide App Description here,13
app10,Provide App Description here,15
app11,Provide App Description here,10
app12,Provide App Description here,10
app13,Provide App Description here,6
app14,Provide App Description here,6
